dbn,the_geom,NAME,STREETNAME,HOUSENUM,CITY,ZIP,URL,BIN,BBL,X,Y,SYSTEM,BOROCODE,longitude,latitude
1055236,POINT (-73.95353074430393 40.80297988196676),115th Street,West 115th Street,203,New York,10026,http://www.nypl.org/locations/115th-street,1055236,1018310026,997115.1297700001,231827.65286399997,NYPL,1,-73.95353074430393,40.80297988196676
1054674,POINT (-73.9348475633247 40.80301816141575),125th Street,East 125th Street,224,New York,10035,http://www.nypl.org/locations/125th-street,1054674,1017890037,1002287.604,231844.894956,NYPL,1,-73.9348475633247,40.80301816141575
1089376,POINT (-73.97736329270697 40.76080689474172),53rd Street,West 53rd Street,18,New York,10019,http://www.nypl.org/locations/53rd-street,1089376,1012687503,990521.0,216460.0,NYPL,1,-73.97736329270697,40.76080689474172
1037165,POINT (-73.9693817046576 40.7621860177235),58th Street,East 58th Street,127,New York,10022,http://www.nypl.org/locations/58th-street,1037165,1013130005,992731.946935,216963.13174,NYPL,1,-73.9693817046576,40.7621860177235
1044749,POINT (-73.95954994584243 40.764915006253425),67th Street,East 67th Street,328,New York,10065,http://www.nypl.org/locations/67th-street,1044749,1014410038,995455.102906,217958.49687600002,NYPL,1,-73.95954994584243,40.764915006253425
1048501,POINT (-73.9518056716208 40.785959798621555),96th Street,East 96th Street,112,New York,10128,http://www.nypl.org/locations/96th-street,1048501,1015240064,997596.132088,225626.905751,NYPL,1,-73.9518056716208,40.785959798621555
1052167,POINT (-73.94345827853815 40.79421476546373),Aguilar,East 110th Street,174,New York,10029,http://www.nypl.org/locations/aguilar,1052167,1016370141,999905.7780149999,228635.85559099997,NYPL,1,-73.94345827853815,40.79421476546373
2053752,POINT (-73.86322248483968 40.866804429026935),Allerton,Barnes Avenue,2740,Bronx,10467,http://www.nypl.org/locations/allerton,2053752,2045130016,1022080.8747899999,255107.42421799997,NYPL,2,-73.86322248483968,40.866804429026935
1076145,POINT (-73.99335691118674 40.74046545561088),Andrew Heiskell Braille and Talking Book,West 20th Street,40,New York,10011,http://www.nypl.org/locations/heiskell,1076145,1008217501,986090.883117,209048.217124,NYPL,1,-73.99335691118674,40.74046545561088
1087518,POINT (-74.0157487123272 40.715690873439094),Battery Park City Library,North End Avenue,175,New York,10282,http://www.nypl.org/locations/battery-park-city,1087518,1000167516,979884.211806,200022.38888900002,NYPL,1,-74.0157487123272,40.715690873439094
2097466,POINT (-73.82931594567218 40.87075330808789),Baychester,Asch Loop North,2049,Bronx,10475,http://www.nypl.org/locations/baychester,2097466,2051410100,1031456.1666700001,256562.611111,NYPL,2,-73.82931594567218,40.87075330808789
2012129,POINT (-73.88788268526544 40.85434421451861),Belmont Library and Enrico Fermi Cultural Center,East 186th Street,610,Bronx,10458,http://www.nypl.org/locations/belmont,2012129,2030730020,1015266.0,250558.0,NYPL,2,-73.88788268526544,40.85434421451861
1055906,POINT (-73.96760677135273 40.79587354648015),Bloomingdale,West 100th Street,150,New York,10025,http://www.nypl.org/locations/bloomingdale,1055906,1018520049,993219.104167,229236.8125,NYPL,1,-73.96760677135273,40.79587354648015
2116006,POINT (-73.89450288645044 40.86298060519321),Bronx Library Center,East Kingsbridge Road,310,Bronx,10458,http://www.nypl.org/locations/bronx-library-center,2116006,2031540083,1013430.8067799999,253702.292842,NYPL,2,-73.89450288645044,40.86298060519321
2022944,POINT (-73.85017019717382 40.82662920810023),Castle Hill,Castle Hill Avenue,947,Bronx,10473,http://www.nypl.org/locations/castle-hill,2022944,2036880042,1025716.0,240476.0,NYPL,2,-73.85017019717382,40.82662920810023
1003425,POINT (-73.99648986636721 40.71333307050747),Chatham Square,East Broadway,33,New York,10002,http://www.nypl.org/locations/chatham-square,1003425,1002800044,985223.098108,199162.99673699998,NYPL,1,-73.99648986636721,40.71333307050747
2082611,POINT (-73.78636658900808 40.8476919036199),City Island,City Island Avenue,320,Bronx,10464,http://www.nypl.org/locations/city-island,2082611,2056440007,1043355.15999,248186.53418800002,NYPL,2,-73.78636658900808,40.8476919036199
2025381,POINT (-73.87502060024048 40.82999287527917),Clason's Point,Morrison Avenue,1215,Bronx,10472,http://www.nypl.org/locations/clasons-point,2025381,2037770062,1018836.8077799999,241690.718112,NYPL,2,-73.87502060024048,40.82999287527917
1026706,POINT (-73.99122081783712 40.764934618394804),Columbus,10th Avenue,742,New York,10019,http://www.nypl.org/locations/columbus,1026706,1010600063,986681.927867,217963.17698400002,NYPL,1,-73.99122081783712,40.764934618394804
1058275,POINT (-73.94116092350963 40.81483582138157),Countee Cullen,West 136th Street,104,New York,10030,http://www.nypl.org/locations/countee-cullen,1058275,1019200026,1000536.84375,236149.25,NYPL,1,-73.94116092350963,40.81483582138157
5022895,POINT (-74.1011372893581 40.59039133599787),Dongan Hills,Richmond Road,1617,Staten Island,10304,http://www.nypl.org/locations/dongan-hills,5022895,5008830008,956160.468897,154388.115158,NYPL,5,-74.1011372893581,40.59039133599787
2061767,POINT (-73.84506427532864 40.87013970297055),Eastchester,East Gun Hill Road,1385,Bronx,10469,http://www.nypl.org/locations/eastchester,2061767,2047620022,1027101.0442100001,256330.955892,NYPL,2,-73.84506427532864,40.87013970297055
2066596,POINT (-73.84083712785493 40.88889489584642),Edenwald,East 233rd Street,1255,Bronx,10466,http://www.nypl.org/locations/edenwald,2066596,2049560001,1028257.7420200001,263166.30606599996,NYPL,2,-73.84083712785493,40.88889489584642
1019661,POINT (-73.98204888964264 40.738087120390595),Epiphany,East 23rd Street,228,New York,10010,http://www.nypl.org/locations/epiphany,1019661,1009030046,989224.6550649999,208182.154224,NYPL,1,-73.98204888964264,40.738087120390595
1063632,POINT (-73.93386591312449 40.847870041168214),Fort Washington,West 179th Street,535,New York,10033,http://www.nypl.org/locations/fort-washington,1063632,1021530053,1002547.03885,248186.270081,NYPL,1,-73.93386591312449,40.847870041168214
2014579,POINT (-73.90931635032427 40.85742189422779),Francis Martin,University Avenue,2150,Bronx,10453,http://www.nypl.org/locations/francis-martin,2014579,2032110005,1009335.45802,251672.45241300002,NYPL,2,-73.90931635032427,40.85742189422779
1059688,POINT (-73.95705320654999 40.813768964572695),George Bruce,West 125th Street,518,New York,10027,http://www.nypl.org/locations/george-bruce,1059688,1019800022,996138.0,235758.0,NYPL,1,-73.95705320654999,40.813768964572695
1036206,POINT (-73.97356771683344 40.754067875550625),Grand Central,East 46th Street,135,New York,10017,http://www.nypl.org/locations/grand-central,1036206,1013010023,991573.221234,214005.050058,NYPL,1,-73.97356771683344,40.754067875550625
2007870,POINT (-73.91008714449384 40.844001911750446),Grand Concourse,East 173rd Street,155,Bronx,10457,http://www.nypl.org/locations/grand-concourse,2007870,2028240034,1009127.25502,246782.825054,NYPL,2,-73.91008714449384,40.844001911750446
5070285,POINT (-74.15111164313684 40.55242326280796),Great Kills,Giffords Lane,56,Staten Island,10308,http://www.nypl.org/locations/great-kills,5070285,5054360019,942256.908778,140575.41509300002,NYPL,5,-74.15111164313684,40.55242326280796
1004070,POINT (-73.97942314417445 40.71978015438276),Hamilton Fish Park,East Houston Street,415,New York,10002,http://www.nypl.org/locations/hamilton-fish-park,1004070,1003350001,989953.874634,201512.516602,NYPL,1,-73.97942314417445,40.71978015438276
1061938,POINT (-73.94803241890192 40.82567237379984),Hamilton Grange,West 145th Street,503,New York,10031,http://www.nypl.org/locations/hamilton-grange,1061938,1020770026,998632.449898,240096.19406999997,NYPL,1,-73.94803241890192,40.82567237379984
1053460,POINT (-73.94331559838257 40.80616044207548),Harlem,West 124th Street,9,New York,10027,http://www.nypl.org/locations/harlem,1053460,1017220030,999942.468275,232988.107892,NYPL,1,-73.94331559838257,40.80616044207548
2003163,POINT (-73.92355090156951 40.837960016855035),High Bridge,West 168th Street,78,Bronx,10452,http://www.nypl.org/locations/high-bridge,2003163,2025100027,1005404.0,244578.0,NYPL,2,-73.92355090156951,40.837960016855035
1009760,POINT (-74.00533101445356 40.72998291458653),Hudson Park,Leroy Street,66,New York,10014,http://www.nypl.org/locations/hudson-park,1009760,1005820018,982772.4766959999,205229.07285899998,NYPL,1,-74.00533101445356,40.72998291458653
5083401,POINT (-74.19322900650182 40.534078493080344),Huguenot Park,Huguenot Avenue,830,Staten Island,10312,http://www.nypl.org/locations/huguenot-park,5083401,5068170001,930538.0,133915.0,NYPL,5,-74.19322900650182,40.534078493080344
2005755,POINT (-73.89413216580388 40.818670087188615),Hunts Point,Southern Boulevard,877,Bronx,10459,http://www.nypl.org/locations/hunts-point,2005755,2027220063,1013552.8604100001,237558.447998,NYPL,2,-73.89413216580388,40.818670087188615
1064894,POINT (-73.92586290917251 40.865748720737024),Inwood,Broadway,4790,New York,10034,http://www.nypl.org/locations/inwood,1064894,1022330013,1004755.6826200001,254701.93060300002,NYPL,1,-73.92586290917251,40.865748720737024
1082668,POINT (-73.99916928513315 40.73463470830847),Jefferson Market,Avenue of the Americas,425,New York,10011,http://www.nypl.org/locations/jefferson-market,1082668,1006060001,984480.2216190001,206923.823242,NYPL,1,-73.99916928513315,40.73463470830847
2015263,POINT (-73.90119235962918 40.86906986689302),Jerome Park,Eames Place,118,Bronx,10468,http://www.nypl.org/locations/jerome-park,2015263,2032480070,1011577.9774200001,255918.689392,NYPL,2,-73.90119235962918,40.86906986689302
2119474,POINT (-73.90770595199646 40.88069989038004),Kingsbridge,West 231st Street,291,Bronx,10463,http://www.nypl.org/locations/kingsbridge,2119474,2057130123,1009772.0,260154.0,NYPL,2,-73.90770595199646,40.88069989038004
1018325,POINT (-73.97990195853163 40.74380962013242),Kips Bay,Third Avenue,446,New York,10016,http://www.nypl.org/locations/kips-bay,1018325,1008860051,989819.1395870001,210267.171631,NYPL,1,-73.97990195853163,40.74380962013242
1084156,POINT (-73.93586246250698 40.82653201339423),Macomb's Bridge,Adam Clayton Powell Jr. Boulevard,2650,New York,10039,http://www.nypl.org/locations/macombs-bridge,1084156,1020370011,1002000.3541299999,240411.62426999997,NYPL,1,-73.93586246250698,40.82653201339423
5109138,POINT (-74.16658190502365 40.63469343184469),Mariners Harbor,South Ave,206,Staten Island,10303,http://www.nypl.org/locations/mariners-harbor,5109138,5012660064,938014.8125,170556.270833,NYPL,5,-74.16658190502365,40.63469343184469
2001950,POINT (-73.91758393603561 40.826584558970666),Melrose,Morris Avenue,910,Bronx,10451,http://www.nypl.org/locations/melrose,2001950,2024220001,1007059.0,240435.0,NYPL,2,-73.91758393603561,40.826584558970666
1017602,POINT (-73.98169851078917 40.75189156171031),Mid-Manhattan,Fifth Avenue,455,New York,10016,http://www.nypl.org/locations/mid-manhattan-library,1017602,1008690074,989320.702117,213211.573299,NYPL,1,-73.98169851078917,40.75189156171031
1057018,POINT (-73.96477561597041 40.80613025800837),Morningside Heights,Broadway,2900,New York,10025,http://www.nypl.org/locations/morningside-heights,1057018,1018857501,994001.497437,232973.994019,NYPL,1,-73.96477561597041,40.80613025800837
2045398,POINT (-73.85695785375374 40.84802911005552),Morris Park,Morris Park Avenue,985,Bronx,10462,http://www.nypl.org/locations/morris-park,2045398,2041260040,1023824.75876,248269.629823,NYPL,2,-73.85695785375374,40.84802911005552
2004303,POINT (-73.90179407206183 40.83126291201479),Morrisania,East 169th Street,610,Bronx,10456,http://www.nypl.org/locations/morrisania,2004303,2026150023,1011427.0,242144.0,NYPL,2,-73.90179407206183,40.83126291201479
2018123,POINT (-73.87838435032448 40.87437981398938),Mosholu,East 205th Street,285,Bronx,10467,http://www.nypl.org/locations/mosholu,2018123,2033410076,1017883.47176,257861.24712199997,NYPL,2,-73.87838435032448,40.87437981398938
2000744,POINT (-73.92438195200242 40.81158963775246),Mott Haven,East 140th Street,321,Bronx,10454,http://www.nypl.org/locations/mott-haven,2000744,2023150018,1005182.3364299999,234970.114197,NYPL,2,-73.92438195200242,40.81158963775246
1014150,POINT (-73.9959685690698 40.74448733065495),Muhlenberg,West 23rd Street,209,New York,10011,http://www.nypl.org/locations/muhlenberg,1014150,1007730038,985367.092407,210513.47003199998,NYPL,1,-73.9959685690698,40.74448733065495
1007931,POINT (-73.99568416859454 40.72413926605543),Mulberry Street,Jersey Street,10,New York,10012,http://www.nypl.org/locations/mulberry-street,1007931,1005107501,985446.2640379999,203100.03479,NYPL,1,-73.99568416859454,40.72413926605543
1001446,POINT (-74.00786921340098 40.71357685109021),New Amsterdam,Murray Street,9,New York,10007,http://www.nypl.org/locations/new-amsterdam,1001446,1001347503,982068.4624020001,199251.89178499999,NYPL,1,-74.00786921340098,40.71357685109021
5052750,POINT (-74.11195814748115 40.57193184836513),New Dorp,New Dorp Lane,309,Staten Island,10306,http://www.nypl.org/locations/new-dorp,5052750,5036430005,953146.526106,147666.523943,NYPL,5,-74.11195814748115,40.57193184836513
1028832,POINT (-73.98454684522841 40.7735069911927),"Library for the Performing Arts, Dorothy and Lewis B. Cullman Center",Lincoln Center Plaza,40,New York,10023,http://www.nypl.org/locations/lpa,1028832,1011340025,988530.139066,221086.633008,NYPL,1,-73.98454684522841,40.7735069911927
1079841,POINT (-73.98774284104663 40.72890664078863),Ottendorfer,Second Avenue,135,New York,10003,http://www.nypl.org/locations/ottendorfer,1079841,1004640039,987647.201599,204837.145386,NYPL,1,-73.98774284104663,40.72890664078863
2028890,POINT (-73.85835004816082 40.83378098529545),Parkchester,Westchester Avenue,1985,Bronx,10462,http://www.nypl.org/locations/parkchester,2028890,2039300059,1023447.98199,243077.88562,NYPL,2,-73.85835004816082,40.83378098529545
2074963,POINT (-73.82790017237492 40.844317529931516),Pelham Bay,Middletown Road,3060,Bronx,10461,http://www.nypl.org/locations/pelham-bay,2074963,2054040002,1031866.65021,246931.824829,NYPL,2,-73.82790017237492,40.844317529931516
2049427,POINT (-73.8641466616336 40.85487588027384),Pelham Parkway-Van Nest,Barnes Avenue,2147,Bronx,10462,http://www.nypl.org/locations/pelham-parkway-van-nest,2049427,2043210070,1021832.0,250761.0,NYPL,2,-73.8641466616336,40.85487588027384
5023763,POINT (-74.13110461508398 40.63758561600359),Port Richmond,Bennett Street,75,Staten Island,10302,http://www.nypl.org/locations/port-richmond,5023763,5010070026,947863.183982,171593.238884,NYPL,5,-74.13110461508398,40.63758561600359
5060744,POINT (-74.13853387646311 40.566530146210184),Richmondtown,Clarke Avenue,200,Staten Island,10306,http://www.nypl.org/locations/richmondtown,5060744,5044700001,945760.3256549999,145709.109879,NYPL,5,-74.13853387646311,40.566530146210184
2084790,POINT (-73.90277254280693 40.90372277707978),Riverdale,Mosholu Avenue,5540,Bronx,10471,http://www.nypl.org/locations/riverdale,2084790,2058481729,1011126.9209700001,268543.647017,NYPL,2,-73.90277254280693,40.90372277707978
1077844,POINT (-73.98451216196563 40.77423207861022),Riverside,Amsterdam Avenue,127,New York,10023,http://www.nypl.org/locations/riverside,1077844,1011377501,988539.698792,221350.808228,NYPL,1,-73.98451216196563,40.77423207861022
1084695,POINT (-73.95020567413508 40.76123275727826),Roosevelt Island,Main Street,524,New York,10044,http://www.nypl.org/locations/roosevelt-island,1084695,1013730030,998044.32959,216618.265808,NYPL,1,-73.95020567413508,40.76123275727826
1058276,POINT (-73.94094393837611 40.81464862404033),Schomburg Center for Research in Black Culture,Malcolm X Boulevard,515,New York,10037,http://www.nypl.org/locations/schomburg,1058276,1019200029,1000596.9520299999,236081.087585,NYPL,1,-73.94094393837611,40.81464862404033
1087934,POINT (-73.98300921762814 40.74811515837409),"Science, Industry and Business Library (SIBL)",Madison Avenue,188,New York,10016,http://www.nypl.org/locations/sibl,1087934,1008647502,988957.81814,211835.634661,NYPL,1,-73.98300921762814,40.74811515837409
2100281,POINT (-73.9174950173068 40.849444506294475),Sedgwick,Martin Luther King Jr. Boulevard,1701,Bronx,10453,http://www.nypl.org/locations/sedgwick,2100281,2028780224,1007075.76389,248763.75,NYPL,2,-73.9174950173068,40.849444506294475
1004053,POINT (-73.98850101814436 40.71440955033492),Seward Park,East Broadway,192,New York,10002,http://www.nypl.org/locations/seward-park,1004053,1003110031,987437.7579959999,199555.380798,NYPL,1,-73.98850101814436,40.71440955033492
2021838,POINT (-73.86288995608042 40.818709352248625),Soundview,Soundview Avenue,660,Bronx,10473,http://www.nypl.org/locations/soundview,2021838,2035580014,1022200.2751399999,237584.74699299998,NYPL,2,-73.86288995608042,40.818709352248625
5129317,POINT (-74.06298045409709 40.59580257046463),South Beach,Robin Road,21-25,Staten Island,10305,http://www.nypl.org/locations/south-beach,5129317,5031210001,966759.435242,156349.637207,NYPL,5,-74.06298045409709,40.59580257046463
2085867,POINT (-73.9146501854584 40.88628523559925),Spuyten Duyvil,West 235th Street,650,Bronx,10463,http://www.nypl.org/locations/spuyten-duyvil,2085867,2059150070,1007849.7346200001,262187.01782199997,NYPL,2,-73.9146501854584,40.88628523559925
1032683,POINT (-73.97745211592564 40.784834636708375),St. Agnes,Amsterdam Avenue,444,New York,10024,http://www.nypl.org/locations/st-agnes,1032683,1012290031,990494.140059,225214.10309899997,NYPL,1,-73.97745211592564,40.784834636708375
5000030,POINT (-74.07667836343802 40.64179934831384),St. George Library Center,Central Avenue,5,Staten Island,10301,http://www.nypl.org/locations/st-george-library-center,5000030,5000050074,962970.0015870001,173110.499817,NYPL,5,-74.07667836343802,40.64179934831384
5013792,POINT (-74.07786385638836 40.626256522293644),Stapleton,Canal Street,132,Staten Island,10304,http://www.nypl.org/locations/stapleton,5013792,5005260063,962635.9667969999,167448.122986,NYPL,5,-74.07786385638836,40.626256522293644
1034194,POINT (-73.98223080385785 40.75320442290988),Stephen A. Schwarzman Building,Fifth Avenue at 42nd Street,,New York,10018,http://www.nypl.org/locations/schwarzman,1034194,1012570001,989173.125427,213689.86084,NYPL,1,-73.98223080385785,40.75320442290988
1036451,POINT (-73.97254082689402 40.75680235018433),Terence Cardinal Cooke-Cathedral,Lexington Avenue,560,New York,10022,http://www.nypl.org/locations/cathedral,1036451,1013050013,991857.4147950001,215001.39538600002,NYPL,1,-73.97254082689402,40.75680235018433
2077131,POINT (-73.8190949368255 40.82287218481685),Throg's Neck,Cross Bronx Expressway Extension,3025,Bronx,10465,http://www.nypl.org/locations/throgs-neck,2077131,2054390001,1034319.0188,239123.41803000003,NYPL,2,-73.8190949368255,40.82287218481685
5035398,POINT (-74.14852127833858 40.60960200172146),Todt Hill-Westerleigh,Victory Boulevard,2550,Staten Island,10314,http://www.nypl.org/locations/todt-hill-westerleigh,5035398,5020990005,943012.076233,161405.796814,NYPL,5,-74.14852127833858,40.60960200172146
1005147,POINT (-73.98042071146763 40.72728802667872),Tompkins Square,East 10th Street,331,New York,10009,http://www.nypl.org/locations/tompkins-square,1005147,1004040039,989676.7390139999,204247.802795,NYPL,1,-73.98042071146763,40.72728802667872
5088113,POINT (-74.24410670826178 40.509531123859375),Tottenville,Amboy Road,7430,Staten Island,10307,http://www.nypl.org/locations/tottenville,5088113,5078990009,916370.601298,125007.163094,NYPL,5,-74.24410670826178,40.509531123859375
2009573,POINT (-73.89834943816875 40.84604568736388),Tremont,Washington Avenue,1866,Bronx,10457,http://www.nypl.org/locations/tremont,2009573,2029180001,1012374.0,247531.0,NYPL,2,-73.89834943816875,40.84604568736388
2015233,POINT (-73.8939211860628 40.88277969546436),Van Cortlandt,Sedgwick Avenue,3874,Bronx,10463,http://www.nypl.org/locations/van-cortlandt,2015233,2032460074,1013582.97119,260916.07220500003,NYPL,2,-73.8939211860628,40.88277969546436
2063175,POINT (-73.85958124409599 40.891085065406706),Wakefield,Lowerre Place,4100,Bronx,10466,http://www.nypl.org/locations/wakefield,2063175,2048320020,1023073.81276,263955.41045900004,NYPL,2,-73.85958124409599,40.891085065406706
1062551,POINT (-73.93971034945567 40.834548887305765),Washington Heights,St. Nicholas Avenue,1000,New York,10032,http://www.nypl.org/locations/washington-heights,1062551,1021090055,1000933.4240100001,243331.709412,NYPL,1,-73.93971034945567,40.834548887305765
1045991,POINT (-73.95134169404905 40.770652543462646),Webster,York Avenue,1465,New York,10021,http://www.nypl.org/locations/webster,1045991,1014720028,997727.716143,220050.02812600002,NYPL,1,-73.95134169404905,40.770652543462646
2013151,POINT (-73.88301210482436 40.844644453005635),West Farms,Honeywell Avenue,2085,Bronx,10460,http://www.nypl.org/locations/west-farms,2013151,2031230061,1016618.1104100001,247025.773621,NYPL,2,-73.88301210482436,40.844644453005635
5004936,POINT (-74.11482187344863 40.63450894226954),West New Brighton,Castleton Avenue,976,Staten Island,10310,http://www.nypl.org/locations/west-new-brighton,5004936,5001780115,952380.829147,170465.98096800002,NYPL,5,-74.11482187344863,40.63450894226954
2041911,POINT (-73.84673061822738 40.84086754432402),Westchester Square,Glebe Avenue,2521,Bronx,10461,http://www.nypl.org/locations/westchester-square,2041911,2039860034,1026658.8397799999,245665.191406,NYPL,2,-73.84673061822738,40.84086754432402
2019288,POINT (-73.86794200000536 40.90043990975718),Woodlawn Heights,Katonah Avenue,4355,Bronx,10470,http://www.nypl.org/locations/woodlawn-heights,2019288,2033800054,1020757.0447600001,267360.164804,NYPL,2,-73.86794200000536,40.90043990975718
2004700,POINT (-73.90464799347694 40.82061890603643),Woodstock,East 160th Street,761,Bronx,10456,http://www.nypl.org/locations/woodstock,2004700,2026570030,1010641.4422,238265.129822,NYPL,2,-73.90464799347694,40.82061890603643
1044180,POINT (-73.95637252319334 40.77365564161395),Yorkville,East 79th Street,222,New York,10021,http://www.nypl.org/locations/yorkville,1044180,1014330037,996333.697388,221143.422791,NYPL,1,-73.95637252319334,40.77365564161395
3087001,POINT (-73.88723723774561 40.68068925695902),Arlington,Arlington Avenue,203,Brooklyn,11207,http://www.bklynlibrary.org/locations/arlington,3087001,3039230052,1015526.0,187290.0,BPL,3,-73.88723723774561,40.68068925695902
3147279,POINT (-74.02953835191357 40.633625713382486),Bay Ridge,Ridge Boulevard,7223,Brooklyn,11209,http://www.bklynlibrary.org/locations/bay-ridge,3147279,3059070001,976051.4271459999,170124.692281,BPL,3,-74.02953835191357,40.633625713382486
3057384,POINT (-73.95616471363496 40.68181211172472),Bedford,Franklin Avenue,496,Brooklyn,11238,http://www.bklynlibrary.org/locations/bedford,3057384,3019970032,996408.0,187682.0,BPL,3,-73.95616471363496,40.68181211172472
3135907,POINT (-73.98900318822345 40.638888838712376),Borough Park,43rd Street,1265,Brooklyn,11219,http://www.bklynlibrary.org/locations/borough-park,3135907,3055980048,987302.0,172041.0,BPL,3,-73.98900318822345,40.638888838712376
3245028,POINT (-73.9667748761715 40.57610774698186),Brighton Beach <br> (Closed for Renovation),Brighton First Road,16,Brooklyn,11235,http://www.bklynlibrary.org/locations/brighton-beach,3245028,3086800032,993479.809941,149169.780779,BPL,3,-73.9667748761715,40.57610774698186
3001939,POINT (-73.99134798814833 40.69568255523745),Brooklyn Heights,Cadman Plaza West,280,Brooklyn,11201,http://www.bklynlibrary.org/locations/brooklyn-heights,3001939,3002390016,986649.192368,192732.484336,BPL,3,-73.99134798814833,40.69568255523745
3030731,POINT (-73.94856613670774 40.675370851852314),Brower Park,St. Marks Avenue,725,Brooklyn,11216,http://www.bklynlibrary.org/locations/brower-park,3030731,3012200063,998516.892058,185336.410217,BPL,3,-73.94856613670774,40.675370851852314
3080669,POINT (-73.90860343294449 40.671526655858436),Brownsville,Glenmore Avenue,61,Brooklyn,11212,http://www.bklynlibrary.org/locations/brownsville,3080669,3034890150,1009603.3347799999,183944.89790799998,BPL,3,-73.90860343294449,40.671526655858436
3071470,POINT (-73.93961842135727 40.704559063938675),Bushwick,Bushwick Avenue,340,Brooklyn,11206,http://www.bklynlibrary.org/locations/bushwick,3071470,3030980019,1000991.50784,195972.112043,BPL,3,-73.93961842135727,40.704559063938675
3230120,POINT (-73.89952442124468 40.64220845315574),Canarsie,Rockaway Parkway,1580,Brooklyn,11236,http://www.bklynlibrary.org/locations/canarsie,3230120,3082040068,1012134.0961200001,173266.226024,BPL,3,-73.89952442124468,40.64220845315574
3004336,POINT (-73.99801906031493 40.683213515337584),Carroll Gardens,Clinton Street,396,Brooklyn,11231,http://www.bklynlibrary.org/locations/carroll-gardens,3004336,3003380033,984799.4149,188189.53607200002,BPL,3,-73.99801906031493,40.683213515337584
3029665,POINT (-73.9682243828713 40.672343526336505),Brooklyn Central Library,Grand Army Plaza,10,Brooklyn,11238,http://www.bklynlibrary.org/locations/central,3029665,3011830002,993064.4242879999,184230.879292,BPL,3,-73.9682243828713,40.672343526336505
3327822,POINT (-73.94763429707129 40.63574014928098),Clarendon,Nostrand Avenue,2035,Brooklyn,11210,http://www.bklynlibrary.org/locations/clarendon,3327822,3050050033,998784.0,170898.0,BPL,3,-73.94763429707129,40.63574014928098
3055495,POINT (-73.96603066603613 40.68737909411427),Clinton Hill,Washington Avenue,380,Brooklyn,11238,http://www.bklynlibrary.org/locations/clinton-hill,3055495,3019450036,993670.8279309999,189708.997928,BPL,3,-73.96603066603613,40.68737909411427
3189001,POINT (-73.9860619926265 40.57663777607667),Coney Island,Mermaid Avenue,1901,Brooklyn,11224,http://www.bklynlibrary.org/locations/coney-island,3189001,3070190043,988121.8934909999,149361.441157,BPL,3,-73.9860619926265,40.57663777607667
3118362,POINT (-73.96596507806375 40.640803547205046),Cortelyou,Cortelyou Road,1305,Brooklyn,11226,http://www.bklynlibrary.org/locations/cortelyou,3118362,3051440080,993695.61069,172740.223795,BPL,3,-73.96596507806375,40.640803547205046
3106505,POINT (-73.9481022990789 40.661189307734446),Crown Heights,New York Avenue,560,Brooklyn,11225,http://www.bklynlibrary.org/locations/crown-heights,3106505,3047910046,998648.6139069999,180169.74896199998,BPL,3,-73.9481022990789,40.661189307734446
3252993,POINT (-73.8740348780572 40.67270747286009),Cypress Hills,Sutter Avenue,1197,Brooklyn,11208,http://www.bklynlibrary.org/locations/cypress-hills,3252993,3042470033,1019192.0,184387.0,BPL,3,-73.8740348780572,40.67270747286009
3073751,POINT (-73.92839866742115 40.694816700021924),DeKalb,Bushwick Avenue,790,Brooklyn,11221,http://www.bklynlibrary.org/locations/dekalb,3073751,3032410018,1004105.21815,192425.023992,BPL,3,-73.92839866742115,40.694816700021924
3164019,POINT (-74.0119885202191 40.616308136970446),Dyker,13th Avenue,8202,Brooklyn,11228,http://www.bklynlibrary.org/locations/dyker,3164019,3063020036,980921.640175,163814.284954,BPL,3,-74.0119885202191,40.616308136970446
3103597,POINT (-73.91494061956683 40.655710884739364),East Flatbush,Church Avenue,9612,Brooklyn,11212,http://www.bklynlibrary.org/locations/east-flatbush,3103597,3047170038,1007851.0,178181.0,BPL,3,-73.91494061956683,40.655710884739364
3037543,POINT (-73.93365084956477 40.66848651013449),Eastern Parkway,Eastern Parkway,1044,Brooklyn,11213,http://www.bklynlibrary.org/locations/eastern-parkway,3037543,3013960006,1002656.0419200001,182831.03071300001,BPL,3,-73.93365084956477,40.66848651013449
3116706,POINT (-73.95824218248399 40.651925081044595),Flatbush,Linden Boulevard,22,Brooklyn,11226,http://www.bklynlibrary.org/locations/flatbush,3116706,3050860015,995836.99125,176793.029994,BPL,3,-73.95824218248399,40.651925081044595
3219626,POINT (-73.93321325624171 40.61976819625962),Flatlands,Flatbush Avenue,2065,Brooklyn,11234,http://www.bklynlibrary.org/locations/flatlands,3219626,3078680039,1002790.96816,165081.715818,BPL,3,-73.93321325624171,40.61976819625962
3155499,POINT (-74.0313694054087 40.61637311059178),Fort Hamilton,Fourth Avenue,9424,Brooklyn,11209,http://www.bklynlibrary.org/locations/fort-hamilton,3155499,3061140037,975540.954742,163839.28818499998,BPL,3,-74.0313694054087,40.61637311059178
3343823,POINT (-73.9239376273276 40.59137103427607),Gerritsen Beach,Gerritsen Avenue,2808,Brooklyn,11229,http://www.bklynlibrary.org/locations/gerritsen-beach,3343823,3089230920,1005375.0,154738.0,BPL,3,-73.9239376273276,40.59137103427607
3194486,POINT (-73.9718084463328 40.590544390004084),Gravesend,Avenue X,303,Brooklyn,11223,http://www.bklynlibrary.org/locations/gravesend,3194486,3071740096,992079.8111,154428.920851,BPL,3,-73.9718084463328,40.590544390004084
3065691,POINT (-73.95069497514092 40.72602806688718),Greenpoint,Norman Avenue,107,Brooklyn,11222,http://www.bklynlibrary.org/locations/greenpoint,3065691,3026210032,997916.0,203792.0,BPL,3,-73.95069497514092,40.72602806688718
3175253,POINT (-73.98624641554409 40.605693037370436),Highlawn,West 13th Street,1664,Brooklyn,11223,http://www.bklynlibrary.org/locations/highlawn,3175253,3066180034,988069.0,159947.0,BPL,3,-73.98624641554409,40.605693037370436
3200560,POINT (-73.96059936964683 40.5952368631223),Homecrest,Coney Island Avenue,2525,Brooklyn,11223,http://www.bklynlibrary.org/locations/homecrest,3200560,3073710080,995192.2067780001,156139.708768,BPL,3,-73.96059936964683,40.5952368631223
3234514,POINT (-73.88924363004107 40.63446013901777),Jamaica Bay,Seaview Avenue,9727,Brooklyn,11236,http://www.bklynlibrary.org/locations/jamaica-bay,3234514,3083000001,1014990.8006,170446.747803,BPL,3,-73.88924363004107,40.63446013901777
3416544,POINT (-73.97543590517284 40.63129183260273),Kensington,18th Avenue,4207,Brooklyn,11218,http://www.bklynlibrary.org/locations/kensington,3416544,3054160014,991068.1719969999,169273.970642,BPL,3,-73.97543590517284,40.63129183260273
3202630,POINT (-73.94112492296973 40.594861515121615),Kings Bay,Nostrand Avenue,3650,Brooklyn,11229,http://www.bklynlibrary.org/locations/kings-bay,3202630,3074050920,1000600.67398,156005.993812,BPL,3,-73.94112492296973,40.594861515121615
3182576,POINT (-73.95310584865699 40.610256667276076),Kings Highway,Ocean Avenue,2115,Brooklyn,11229,http://www.bklynlibrary.org/locations/kings-highway,3182576,3067830068,997270.3519,161612.833977,BPL,3,-73.95310584865699,40.610256667276076
3068818,POINT (-73.94793571283621 40.71364488802169),Leonard,Devoe Street,81,Brooklyn,11211,http://www.bklynlibrary.org/locations/leonard,3068818,3027620021,998683.47309,199280.871173,BPL,3,-73.94793571283621,40.71364488802169
3046408,POINT (-73.93480547027619 40.68300490204431),Macon,Lewis Avenue,361,Brooklyn,11233,http://www.bklynlibrary.org/locations/macon,3046408,3016650001,1002331.7997799999,188120.25471500002,BPL,3,-73.93480547027619,40.68300490204431
3132091,POINT (-73.989440154021 40.62309139633207),Mapleton,60th Street,1702,Brooklyn,11204,http://www.bklynlibrary.org/locations/mapleton,3132091,3055180004,987181.420593,166285.554016,BPL,3,-73.989440154021,40.62309139633207
3049472,POINT (-73.95128349802154 40.69162308733465),Marcy,DeKalb Avenue,617,Brooklyn,11216,http://www.bklynlibrary.org/locations/marcy,3049472,3017740081,997759.848625,191257.13886099998,BPL,3,-73.95128349802154,40.69162308733465
3143032,POINT (-74.01183730763366 40.62918753393924),McKinley Park,Fort Hamilton Parkway,6802,Brooklyn,11219,http://www.bklynlibrary.org/locations/mckinley-park,3143032,3057710012,980964.255141,168506.584215,BPL,3,-74.01183730763366,40.62918753393924
3179706,POINT (-73.96031449280875 40.62589330718781),Midwood,East 16th Street,975,Brooklyn,11230,http://www.bklynlibrary.org/locations/midwood,3179706,3067090054,995266.2617479999,167308.683149,BPL,3,-73.96031449280875,40.62589330718781
3235910,POINT (-73.91702120710569 40.61986842104019),Mill Basin,Ralph Avenue,2385,Brooklyn,11234,http://www.bklynlibrary.org/locations/mill-basin,3235910,3083630009,1007286.0799,165122.07302100002,BPL,3,-73.91702120710569,40.61986842104019
3090726,POINT (-73.88607053682676 40.665159369730134),New Lots,New Lots Avenue,665,Brooklyn,11207,http://www.bklynlibrary.org/locations/new-lots,3090726,3040900001,1015856.95613,181632.44288699998,BPL,3,-73.88607053682676,40.665159369730134
3165745,POINT (-74.00337654508532 40.608009349952326),"New Utrecht <br> (Temporary Closed, will reopen later this Summer (2016).",86th Street,1743,Brooklyn,11214,http://www.bklynlibrary.org/locations/new-utrecht,3165745,3063430064,983312.456916,160790.610883,BPL,3,-74.00337654508532,40.608009349952326
3018376,POINT (-73.97858353651877 40.68346662977525),Pacific,Fourth Avenue,25,Brooklyn,11217,http://www.bklynlibrary.org/locations/pacific,3018376,3009280006,990189.8472290001,188282.473022,BPL,3,-73.97858353651877,40.68346662977525
3214944,POINT (-73.91998488083019 40.63263699303789),Paerdegat,East 59th Street,850,Brooklyn,11234,http://www.bklynlibrary.org/locations/paerdegat,3214944,3077620053,1006459.07335,169773.235963,BPL,3,-73.91998488083019,40.63263699303789
3022144,POINT (-73.98345536969875 40.66823507229803),Park Slope,6th Avenue,431,Brooklyn,11215,http://www.bklynlibrary.org/locations/park-slope,3022144,3010060001,988839.6943969999,182732.88763399998,BPL,3,-73.98345536969875,40.66823507229803
3008650,POINT (-74.0103430690854 40.6752407736475),Red Hook,Wolcott Street,7,Brooklyn,11231,http://www.bklynlibrary.org/locations/red-hook,3008650,3005770029,981381.0,185285.0,BPL,3,-74.0103430690854,40.6752407736475
3103730,POINT (-73.93035653080916 40.64861929304924),Rugby,Utica Avenue,1000,Brooklyn,11203,http://www.bklynlibrary.org/locations/rugby,3103730,3047210028,1003575.6796299999,175593.560791,BPL,3,-73.93035653080916,40.64861929304924
3172049,POINT (-73.97596652755537 40.61587982519312),Ryder,23rd Avenue,5902,Brooklyn,11204,http://www.bklynlibrary.org/locations/ryder,3172049,3065480037,990922.429626,163658.92718499998,BPL,3,-73.97596652755537,40.61587982519312
3040218,POINT (-73.91513241598248 40.68481004767251),Saratoga,Thomas S. Boyland Street,8,Brooklyn,11233,http://www.bklynlibrary.org/locations/saratoga,3040218,3014980035,1007787.5119700001,188782.594926,BPL,3,-73.91513241598248,40.68481004767251
3204896,POINT (-73.95537377987904 40.58701342922593),Sheepshead Bay,East 14th Street,2636,Brooklyn,11235,http://www.bklynlibrary.org/locations/sheepshead-bay,3204896,3074580020,996644.96582,153144.400024,BPL,3,-73.95537377987904,40.58701342922593
3098071,POINT (-73.88586614058737 40.653209761333976),Spring Creek,Flatlands Avenue,12143,Brooklyn,11207,http://www.bklynlibrary.org/locations/spring-creek,3098071,3044130025,1015919.3333299999,177278.944444,BPL,3,-73.88586614058737,40.653209761333976
3084596,POINT (-73.90524945420668 40.66449962821875),Stone Avenue,Mother Gaston Boulevard,581,Brooklyn,11212,http://www.bklynlibrary.org/locations/stone-avenue,3084596,3037940018,1010536.49463,181385.742798,BPL,3,-73.90524945420668,40.66449962821875
3013507,POINT (-74.013630001215 40.64591212398883),Sunset Park,4th Avenue,5108,Brooklyn,11220,http://www.bklynlibrary.org/locations/sunset-park,3013507,3007980034,980467.595808,174599.8769,BPL,3,-74.013630001215,40.64591212398883
3186777,POINT (-73.98862740604375 40.59268511632151),Ulmer Park,Bath Avenue,2602,Brooklyn,11214,http://www.bklynlibrary.org/locations/ulmer-park,3186777,3068970035,987408.4782100001,155207.786621,BPL,3,-73.98862740604375,40.59268511632151
3058036,POINT (-73.97773263286963 40.69448969834957),Walt Whitman,Saint Edwards Street,93,Brooklyn,11205,http://www.bklynlibrary.org/locations/walt-whitman,3058036,3020390001,990424.8242530001,192298.55771,BPL,3,-73.97773263286963,40.69448969834957
3076852,POINT (-73.91220085369726 40.697495053029975),Washington Irving,Irving Avenue,360,Brooklyn,11237,http://www.bklynlibrary.org/locations/washington-irving,3076852,3033620032,1008595.93079,193404.913391,BPL,3,-73.91220085369726,40.697495053029975
3060090,POINT (-73.9575546134494 40.70693042467486),Williamsburgh,Division Avenue,240,Brooklyn,11211,http://www.bklynlibrary.org/locations/williamsburgh,3060090,3021890001,996018.0679870001,196833.151003,BPL,3,-73.9575546134494,40.70693042467486
3124000,POINT (-73.9767587688368 40.64875019151304),Windsor Terrace,East 5th Street,160,Brooklyn,11218,http://www.bklynlibrary.org/locations/windsor-terrace,3124000,3053180010,990699.301636,175634.424011,BPL,3,-73.9767587688368,40.64875019151304
4301922,POINT (-73.78404002857111 40.59314678303443),Arverne,Beach 54 Street,312,Arverne,11692,http://www.queenslibrary.org/branch/Arverne?filters=ev_loc:92300000,4301922,4158900018,1044227.47485,155449.712116,QPL,4,-73.78404002857111,40.59314678303443
4006113,POINT (-73.92874209024014 40.77237538146876),Astoria,Astoria Boulevard,14-01,Long Island City,11102,http://www.queenslibrary.org/branch/Astoria?filters=ev_loc:92400000,4006113,4005400030,1003987.0,220682.0,QPL,4,-73.92874209024014,40.77237538146876
4129461,POINT (-73.79634178839724 40.773746255710755),Auburndale,Francis Lewis Boulevard,25-55,Flushing,11358,http://www.queenslibrary.org/branch/Auburndale?filters=ev_loc:92500000,4129461,4057690010,1040658.0,221239.0,QPL,4,-73.79634178839724,40.773746255710755
4264849,POINT (-73.79167861112357 40.68031131164878),Baisley Park,Sutphin Boulevard,117-11,Jamaica,11436,http://www.queenslibrary.org/branch/Baisley-Park?filters=ev_loc:92600000,4264849,4122040099,1042030.53174,187200.879257,QPL,4,-73.79167861112357,40.68031131164878
4131148,POINT (-73.77701089642582 40.78252384357715),Bay Terrace,Bell Boulevard,18-36,Bayside,11360,http://www.queenslibrary.org/branch/Bay-Terrace?filters=ev_loc:96600000,4131148,4058650082,1046004.0,224450.0,QPL,4,-73.77701089642582,40.78252384357715
4157389,POINT (-73.76836198066813 40.76012558120687),Bayside,Northern Boulevard,214-20,Bayside,11361,http://www.queenslibrary.org/branch/Bayside?filters=ev_loc:91100000,4157389,4073330215,1048420.7807700001,216295.809912,QPL,4,-73.76836198066813,40.76012558120687
4175514,POINT (-73.71710447116403 40.7351605518022),Bellerose,Hillside Avenue,250-06,Bellerose,11426,http://www.queenslibrary.org/branch/Bellerose?filters=ev_loc:96400000,4175514,4086040085,1062650.0,207242.0,QPL,4,-73.71710447116403,40.7351605518022
4206518,POINT (-73.81945312008847 40.71003455781208),Briarwood,Main Street,85-12,Briarwood,11435,http://www.queenslibrary.org/branch/Briarwood?filters=ev_loc:92700000,4206518,4096510025,1034304.6177299999,198012.813014,QPL,4,-73.81945312008847,40.71003455781208
4297581,POINT (-73.82005265821793 40.600732105185145),Broad Channel,Cross Bay Boulevard,16-26,Broad Channel,11693,http://www.queenslibrary.org/branch/Broad-Channel?filters=ev_loc:97200000,4297581,4154810530,1034220.2071299999,158190.630847,QPL,4,-73.82005265821793,40.600732105185145
4011018,POINT (-73.91862332039818 40.75852926696433),Broadway,Broadway,40-20,Long Island City,11103,http://www.queenslibrary.org/branch/Broadway?filters=ev_loc:91200000,4011018,4006760050,1006794.3801,215639.84698499998,QPL,4,-73.91862332039818,40.75852926696433
4536041,POINT (-73.741163136486 40.695722605950635),Cambria Heights,Linden Boulevard,218-13,Cambria Heights,11411,http://www.queenslibrary.org/branch/Cambria-Heights?filters=ev_loc:92800000,4536041,4113190001,1056025.0,192853.0,QPL,4,-73.741163136486,40.695722605950635
4209635,POINT (-73.7946780399278 40.70787313178586),Queens Central Library,Merrick Boulevard,89-11,Jamaica,11432,http://www.queenslibrary.org/branch/Central-Library?filters=ev_loc:11000000,4209635,4097980006,1041175.0675700001,197240.470726,QPL,4,-73.7946780399278,40.70787313178586
4044596,POINT (-73.86197684397808 40.7508940803989),Corona,104 Street,38-23,Corona,11368,http://www.queenslibrary.org/branch/Corona?filters=ev_loc:92900000,4044596,4017750077,1022491.9428600001,212877.757037,QPL,4,-73.86197684397808,40.7508940803989
4539937,POINT (-73.94442138618983 40.74689957448345),Court Square,Jackson Avenue,25-01,Long Island City,11101,http://www.queenslibrary.org/branch/Court-Square?filters=ev_loc:97100000,4539937,4000790030,999650.041667,211397.1875,QPL,4,-73.94442138618983,40.74689957448345
4169275,POINT (-73.73822944076473 40.768225432005),Douglaston/Little Neck,Northern Boulevard,249-01,Little Neck,11363,http://www.queenslibrary.org/branch/Douglaston/Little-Neck?filters=ev_loc:93000000,4169275,4081260087,1056759.56921,219270.34923899997,QPL,4,-73.73822944076473,40.768225432005
4437122,POINT (-73.87386662995279 40.76242212968529),East Elmhurst,Astoria Boulevard,95-06,East Elmhurst,11369,http://www.queenslibrary.org/branch/East-Elmhurst?filters=ev_loc:93100000,4437122,4013750001,1019191.6059600001,217072.829356,QPL,4,-73.87386662995279,40.76242212968529
4124564,POINT (-73.78430296366649 40.757545679612846),East Flushing,Northern Boulevard,196-36,Flushing,11358,http://www.queenslibrary.org/branch/East-Flushing?filters=ev_loc:96200000,4124564,4055200018,1044006.9670899999,215344.594295,QPL,4,-73.78430296366649,40.757545679612846
4539447,POINT (-73.87797365739723 40.738303240536474),Elmhurst <br> (Temporary location due to renovations),51 Avenue,85-08,Elmhurst,11373,http://www.queenslibrary.org/branch/Elmhurst?filters=ev_loc:93200000,4539447,4015490001,1018066.1145799999,208283.9375,QPL,4,-73.87797365739723,40.738303240536474
4298240,POINT (-73.75247942402618 40.60431350914963),Far Rockaway,Central Avenue,1637,Far Rockaway,11691,http://www.queenslibrary.org/branch/Far-Rockaway?filters=ev_loc:91300000,4298240,4155590025,1052981.125,159541.208333,QPL,4,-73.75247942402618,40.60431350914963
4114282,POINT (-73.82888468513289 40.75777406826378),Flushing,Main Street,41-17,Flushing,11355,http://www.queenslibrary.org/branch/Flushing?filters=ev_loc:91400000,4114282,4050430011,1031655.84842,215400.53381599998,QPL,4,-73.82888468513289,40.75777406826378
4052345,POINT (-73.84301499681045 40.722146953166686),Forest Hills,71 Avenue,108-19,Forest Hills,11375,http://www.queenslibrary.org/branch/Forest-Hills?filters=ev_loc:91500000,4052345,4022230054,1027764.4480600001,202413.13590599998,QPL,4,-73.84301499681045,40.722146953166686
4444054,POINT (-73.78228143761608 40.74158266352509),Fresh Meadows,Horace Harding Expressway,193-20,Fresh Meadows,11365,http://www.queenslibrary.org/branch/Fresh-Meadows?filters=ev_loc:91600000,4444054,4071170200,1044581.46692,209530.15702400001,QPL,4,-73.78228143761608,40.74158266352509
4177530,POINT (-73.71484580101803 40.745172198133105),Glen Oaks,Union Turnpike,256-04,Glen Oaks,11004,http://www.queenslibrary.org/branch/Glen-Oaks?filters=ev_loc:93300000,4177530,4086930010,1063264.07861,210891.570435,QPL,4,-73.71484580101803,40.745172198133105
4090100,POINT (-73.87574434777649 40.702585245598996),Glendale,73 Place,78-60,Glendale,11385,http://www.queenslibrary.org/branch/Glendale?filters=ev_loc:93400000,4090100,4036960047,1018702.3626100001,195271.656189,QPL,4,-73.87574434777649,40.702585245598996
4155032,POINT (-73.78191929899681 40.72925482196691),Hillcrest,Union Turnpike,187-05,Flushing,11366,http://www.queenslibrary.org/branch/Hillcrest?filters=ev_loc:96500000,4155032,4072040040,1044693.0,205039.0,QPL,4,-73.78191929899681,40.72925482196691
4224387,POINT (-73.76232032699329 40.720166536917226),Hollis,Hillside Avenue,202-05,Hollis,11423,http://www.queenslibrary.org/branch/Hollis?filters=ev_loc:93500000,4224387,4105320120,1050134.0,201742.0,QPL,4,-73.76232032699329,40.720166536917226
4292455,POINT (-73.84180221655218 40.66381025649444),Howard Beach,156 Avenue,92-06,Howard Beach,11414,http://www.queenslibrary.org/branch/Howard-Beach?filters=ev_loc:93600000,4292455,4139570001,1028139.0,181160.0,QPL,4,-73.84180221655218,40.66381025649444
4029693,POINT (-73.88506932468307 40.75019608559315),Jackson Heights,81 Street,35-51,Jackson Heights,11372,http://www.queenslibrary.org/branch/Jackson-Heights?filters=ev_loc:91700000,4029693,4012810048,1016094.06917,212614.21721,QPL,4,-73.88506932468307,40.75019608559315
4143376,POINT (-73.82226966032037 40.72693697185495),Kew Gardens Hills <br> (Temporary location),Main Street,71-34,Flushing,11367,http://www.queenslibrary.org/branch/Kew-Gardens-Hills?filters=ev_loc:92200000,4143376,4066200032,1033511.26984,204169.27062999998,QPL,4,-73.82226966032037,40.72693697185495
4437193,POINT (-73.86819939085701 40.757577301854525),Langston Hughes,Northern Boulevard,100-01,Corona,11368,http://www.queenslibrary.org/branch/Langston-Hughes?filters=ev_loc:98200000,4437193,4016950039,1020764.2056299999,215310.01342800003,QPL,4,-73.86819939085701,40.757577301854525
4281443,POINT (-73.74567356126445 40.67695272804687),Laurelton,225 Street,134-26,Laurelton,11413,http://www.queenslibrary.org/branch/Laurelton?filters=ev_loc:91800000,4281443,4131050007,1054794.1253,186010.952175,QPL,4,-73.74567356126445,40.67695272804687
4203685,POINT (-73.82482969850855 40.68690728824833),Lefferts,Lefferts Boulevard,103-34,Richmond Hill,11419,http://www.queenslibrary.org/branch/Lefferts?filters=ev_loc:91000000,4203685,4095560020,1032830.87264,189583.85283800002,QPL,4,-73.82482969850855,40.68690728824833
4047321,POINT (-73.86165592933878 40.737434137948505),Lefrak City,57 Avenue,98-30,Corona,11368,http://www.queenslibrary.org/branch/Lefrak-City?filters=ev_loc:93700000,4047321,4019180070,1022588.6031,207974.016845,QPL,4,-73.86165592933878,40.737434137948505
4463561,POINT (-73.93930930198185 40.75780342796006),Long Island City,21 Street,37-44,Long Island City,11101,http://www.queenslibrary.org/branch/Long-Island-City?filters=ev_loc:97300000,4463561,4003630001,1001063.7747600001,215370.753035,QPL,4,-73.93930930198185,40.75780342796006
4308052,POINT (-73.89310456490118 40.72699537010918),Maspeth,Grand Avenue,69-70,Maspeth,11378,http://www.queenslibrary.org/branch/Maspeth?filters=ev_loc:93900000,4308052,4027960008,1013878.04539,204158.650131,QPL,4,-73.89310456490118,40.72699537010918
4119345,POINT (-73.8098334843409 40.76375031625646),McGoldrick,Roosevelt Avenue,155-06,Flushing,11354,http://www.queenslibrary.org/branch/McGoldrick?filters=ev_loc:93800000,4119345,4052750120,1036929.06523,217588.755817,QPL,4,-73.8098334843409,40.76375031625646
4312065,POINT (-73.88085934625774 40.71293387617611),Middle Village,Metropolitan Avenue,72-31,Middle Village,11379,http://www.queenslibrary.org/branch/Middle-Village?filters=ev_loc:94000000,4312065,4030577501,1017279.0,199040.0,QPL,4,-73.88085934625774,40.71293387617611
4535108,POINT (-73.82694112165963 40.76914153216748),Mitchell-Linden,Union Street,31-32,Flushing,11354,http://www.queenslibrary.org/branch/Mitchell-Linden?filters=ev_loc:94100000,4535108,4044147504,1032186.11111,219543.125,QPL,4,-73.82694112165963,40.76914153216748
4076687,POINT (-73.85367250555949 40.711156858305394),North Forest Park,Metropolitan Avenue,98-27,Forest Hills,11375,http://www.queenslibrary.org/branch/North-Forest-Park?filters=ev_loc:96800000,4076687,4032070022,1024817.0,198404.0,QPL,4,-73.85367250555949,40.711156858305394
4171760,POINT (-73.73183792044951 40.75925363922453),North Hills,Marathon Parkway,57-04,Little Neck,11362,http://www.queenslibrary.org/branch/North-Hills?filters=ev_loc:94200000,4171760,4082760657,1058540.0,216007.0,QPL,4,-73.73183792044951,40.75925363922453
4189526,POINT (-73.84648846296761 40.680867178856886),Ozone Park <br> (Closed for renovations),Rockaway Boulevard,92-24,Ozone Park,11417,http://www.queenslibrary.org/branch/Ozone-Park?filters=ev_loc:94300000,4189526,4091130030,1026828.0,187372.0,QPL,4,-73.84648846296761,40.680867178856886
4303629,POINT (-73.81606502823946 40.58586414713836),Peninsula,Rockaway Beach Boulevard,92-25,Rockaway Beach,11693,http://www.queenslibrary.org/branch/Peninsula?filters=ev_loc:94400000,4303629,4161350013,1035338.9184,152776.168396,QPL,4,-73.81606502823946,40.58586414713836
4438294,POINT (-73.81009488691065 40.732925077255004),Pomonok,Jewel Avenue,158-21,Flushing,11365,http://www.queenslibrary.org/branch/Pomonok?filters=ev_loc:94500000,4438294,4067900022,1036881.0,206358.0,QPL,4,-73.81009488691065,40.732925077255004
4097863,POINT (-73.84601807353184 40.786213103407846),Poppenhusen,14 Avenue,121-23,College Point,11356,http://www.queenslibrary.org/branch/Poppenhusen?filters=ev_loc:94600000,4097863,4040420113,1026891.0,225753.0,QPL,4,-73.84601807353184,40.786213103407846
4000000,POINT (-73.75351240691268 40.60239019036059),Queens Library for Teens,Cornaga Avenue,2002,Far Rockaway,11691,http://www.queenslibrary.org/branch/Queens-Library-for-Teens?filters=ev_loc:91309134,4000000,4157040001,1052696.2604200002,158839.6875,QPL,4,-73.75351240691268,40.60239019036059
4226761,POINT (-73.73904906070274 40.7198883271777),Queens Village,217 Street,94-11,Queens Village,11428,http://www.queenslibrary.org/branch/Queens-Village?filters=ev_loc:91900000,4226761,4106210012,1056585.0,201659.0,QPL,4,-73.73904906070274,40.7198883271777
4140176,POINT (-73.82516996389201 40.74293094649011),Queensboro Hill,Main Street,60-05,Flushing,11355,http://www.queenslibrary.org/branch/Queensboro-Hill?filters=ev_loc:96900000,4140176,4064050050,1032695.76793,209994.749024,QPL,4,-73.82516996389201,40.74293094649011
4595582,POINT (-73.94424078652605 40.755073718041466),Queensbridge <br> Now a Family Literacy Center,41 Avenue,10-43,LIC,11101,http://www.queenslibrary.org/branch/Queensbridge?filters=ev_loc:94700000,4595582,4004700100,999698.1875,214375.322917,QPL,4,-73.94424078652605,40.755073718041466
4430693,POINT (-73.93640396909242 40.76067995120377),Ravenswood <br> Now a Family Literacy Center,21 Street,35-32,LIC,11106,http://www.queenslibrary.org/branch/Ravenswood?filters=ev_loc:94800000,4430693,4003320002,1001867.90839,216419.335205,QPL,4,-73.93640396909242,40.76067995120377
4072812,POINT (-73.86450282598912 40.72731656026829),Rego Park,63 Drive,91-41,Rego Park,11374,http://www.queenslibrary.org/branch/Rego-Park?filters=ev_loc:92000000,4072812,4031030043,1021805.35926,204286.63773599998,QPL,4,-73.86450282598912,40.72731656026829
4193458,POINT (-73.83164233461157 40.70079720332697),Richmond Hill,Hillside Avenue,118-14,Richmond Hill,11418,http://www.queenslibrary.org/branch/Richmond-Hill?filters=ev_loc:94900000,4193458,4092640056,1030931.76581,194640.643799,QPL,4,-73.83164233461157,40.70079720332697
4083512,POINT (-73.90258827579805 40.70522689472795),Ridgewood,Madison Street,20-12,Ridgewood,11385,http://www.queenslibrary.org/branch/Ridgewood?filters=ev_loc:92100000,4083512,4034910001,1011258.2804,196224.669983,QPL,4,-73.90258827579805,40.70522689472795
4270057,POINT (-73.7705902160538 40.67287520439724),Rochdale Village,137 Avenue,169-09,Jamaica,11434,http://www.queenslibrary.org/branch/Rochdale-Village?filters=ev_loc:95000000,4270057,4124950175,1047886.7431200001,184506.315749,QPL,4,-73.7705902160538,40.67287520439724
4287999,POINT (-73.73991101315558 40.659963623126),Rosedale,243 Street,144-20,Rosedale,11422,http://www.queenslibrary.org/branch/Rosedale?filters=ev_loc:95100000,4287999,4135490007,1056410.89274,179826.060673,QPL,4,-73.73991101315558,40.659963623126
4304786,POINT (-73.83774700520225 40.57940488152449),Seaside,Rockaway Beach Boulevard,116-15,Rockaway Park,11694,http://www.queenslibrary.org/branch/Seaside?filters=ev_loc:96300000,4304786,4162260001,1029321.0,150411.0,QPL,4,-73.83774700520225,40.57940488152449
4442263,POINT (-73.75379739629261 40.707003911354256),South Hollis,Hollis Avenue,204-01,South Hollis,11412,http://www.queenslibrary.org/branch/South-Hollis?filters=ev_loc:95300000,4442263,4109070030,1052510.0,196953.0,QPL,4,-73.75379739629261,40.707003911354256
4539786,POINT (-73.79021187041809 40.695611117576654),South Jamaica,Guy R. Brewer Boulevard,108-41,Jamaica,11433,http://www.queenslibrary.org/branch/South-Jamaica?filters=ev_loc:95400000,4539786,4101710008,1042424.0,192776.0,QPL,4,-73.79021187041809,40.695611117576654
4254814,POINT (-73.80926182925428 40.674783953734696),South Ozone Park,Rockaway Boulevard,128-16,South Ozone Park,11420,http://www.queenslibrary.org/branch/South-Ozone-Park?filters=ev_loc:95500000,4254814,4117500057,1037158.0,185176.0,QPL,4,-73.80926182925428,40.674783953734696
4238275,POINT (-73.76007289358745 40.69249997141939),St.Albans,Linden Boulevard,191-05,St. Albans,11412,http://www.queenslibrary.org/branch/St.Albans?filters=ev_loc:95200000,4238275,4110620024,1050784.58759,191663.97522,QPL,4,-73.76007289358745,40.69249997141939
4016923,POINT (-73.90945659290355 40.77682707405275),Steinway,31 Street,21-45,Long Island City,11105,http://www.queenslibrary.org/branch/Steinway?filters=ev_loc:95600000,4016923,4008310015,1009327.0145899999,222308.83343499998,QPL,4,-73.90945659290355,40.77682707405275
4002111,POINT (-73.9216680312544 40.7408466968306),Sunnyside,Greenpoint Avenue,43-06,Long Island City,11104,http://www.queenslibrary.org/branch/Sunnyside?filters=ev_loc:95700000,4002111,4001730016,1005956.64264,209196.75103800002,QPL,4,-73.9216680312544,40.7408466968306
4107201,POINT (-73.81070183926587 40.78854019464647),Whitestone,14 Road,151-10,Whitestone,11357,http://www.queenslibrary.org/branch/Whitestone?filters=ev_loc:95800000,4107201,4047170025,1036669.0,226620.0,QPL,4,-73.81070183926587,40.78854019464647
4164306,POINT (-73.7556194209342 40.73450483347836),Windsor Park,Bell Boulevard,79-50,Bayside,11364,http://www.queenslibrary.org/branch/Windsor-Park?filters=ev_loc:95900000,4164306,4077720001,1051976.89001,206970.9776,QPL,4,-73.7556194209342,40.73450483347836
4181578,POINT (-73.86145741517984 40.69453115325741),Woodhaven,Forest Parkway,85-41,Woodhaven,11421,http://www.queenslibrary.org/branch/Woodhaven?filters=ev_loc:96000000,4181578,4088560085,1022668.33783,192343.257019,QPL,4,-73.86145741517984,40.69453115325741
4030847,POINT (-73.9097937387323 40.745341712986715),Woodside,Skillman Avenue,54-22,Woodside,11377,http://www.queenslibrary.org/branch/Woodside?filters=ev_loc:96100000,4030847,4013170085,1009245.45098,210837.59313800003,QPL,4,-73.9097937387323,40.745341712986715
